shipment_id,ship_date,origin_dc,destination_city,destination_state,destination_region,carrier,service_level,temp_class,planned_delivery,actual_delivery,min_temp_c,max_temp_c,excursion_minutes,recipient_issue,issue_type
MH-20260128-1220,2026-01-28 8:45,"Memphis, TN",San Francisco,CA,West,UPS,Next Day Air,2-8C,2026-01-29 4:45,2026-01-29 3:27,3.2,6.6,0,N,
MH-20260128-1107,2026-01-28 23:15,"Reno, NV",Salt Lake City,UT,Mountain,FedEx,Priority Overnight,2-8C,2026-01-29 17:15,2026-01-29 15:51,3.6,6.2,0,N,
MH-20260129-1169,2026-01-29 4:30,"Memphis, TN",Philadelphia,PA,East,FedEx,2Day,CRT,2026-01-31 0:30,2026-01-31 1:54,18.2,25.7,0,N,
MH-20260129-1113,2026-01-29 4:45,"Allentown, PA",Houston,TX,South,FedEx,Priority Overnight,2-8C,2026-01-29 22:45,2026-01-29 22:51,3.7,7.5,0,Y,damaged_packaging
MH-20260129-1164,2026-01-29 8:45,"Memphis, TN",Miami,FL,South,FedEx,Priority Overnight,2-8C,2026-01-30 2:45,2026-01-30 12:21,2.8,7.1,0,N,
MH-20260129-1244,2026-01-29 17:00,"Reno, NV",San Diego,CA,West,UPS,Next Day Air,CRT,2026-01-30 13:00,2026-01-30 14:18,17.7,25.3,0,N,
MH-20260129-1219,2026-01-29 20:00,"Allentown, PA",Baltimore,MD,East,FedEx,Priority Overnight,2-8C,2026-01-30 14:00,2026-01-30 16:24,3.6,6.9,0,N,
MH-20260130-1145,2026-01-30 4:30,"Memphis, TN",Salt Lake City,UT,Mountain,FedEx,Standard Overnight,CRT,2026-01-31 6:30,2026-01-31 5:54,17.8,25.5,0,N,
MH-20260130-1118,2026-01-30 10:45,"Memphis, TN",Dallas,TX,South,UPS,Next Day Air,2-8C,2026-01-31 6:45,2026-01-31 11:09,3,7.4,0,N,
MH-20260131-1017,2026-01-31 20:00,"Allentown, PA",Miami,FL,South,UPS,Next Day Air,CRT,2026-02-01 16:00,2026-02-01 14:18,18.9,26.9,0,N,
MH-20260201-1061,2026-02-01 11:30,"Reno, NV",Salt Lake City,UT,Mountain,UPS,2nd Day Air,CRT,2026-02-03 9:30,2026-02-03 11:18,17.5,24.8,0,N,
MH-20260201-1101,2026-02-01 13:00,"Memphis, TN",Los Angeles,CA,West,OnTrac,Sunrise,2-8C,2026-02-02 11:00,2026-02-03 1:06,2.8,6.8,0,N,
MH-20260201-1175,2026-02-01 17:00,"Reno, NV",Denver,CO,Mountain,UPS,Next Day Air Saver,2-8C,2026-02-02 21:00,2026-02-02 21:06,-0.7,9,258,N,
MH-20260202-1080,2026-02-02 3:30,"Allentown, PA",Philadelphia,PA,East,UPS,2nd Day Air,CRT,2026-02-04 1:30,2026-02-04 2:24,18.1,25.4,0,N,
MH-20260202-1110,2026-02-02 5:15,"Memphis, TN",New York,NY,East,FedEx,Priority Overnight,CRT,2026-02-02 23:15,2026-02-03 2:33,18,24.8,0,N,
MH-20260202-1016,2026-02-02 5:30,"Memphis, TN",Portland,OR,West,FedEx,Standard Overnight,CRT,2026-02-03 7:30,2026-02-04 2:42,18.6,25.6,0,N,
MH-20260202-1028,2026-02-02 7:30,"Reno, NV",San Francisco,CA,West,UPS,Next Day Air Saver,CRT,2026-02-03 11:30,2026-02-03 11:54,17.9,25.5,0,N,
MH-20260202-1071,2026-02-02 13:00,"Memphis, TN",Cleveland,OH,Midwest,FedEx,Priority Overnight,CRT,2026-02-03 7:00,2026-02-04 11:00,17.3,24.9,0,N,
MH-20260202-1011,2026-02-02 16:00,"Memphis, TN",Houston,TX,South,FedEx,Priority Overnight,Frozen,2026-02-03 10:00,2026-02-03 11:24,-22,-16,0,N,
MH-20260203-1190,2026-02-03 9:45,"Reno, NV",Seattle,WA,West,OnTrac,Sunrise,Frozen,2026-02-04 7:45,2026-02-04 10:15,-23.2,-18.1,0,N,
MH-20260203-1246,2026-02-03 19:30,"Reno, NV",Phoenix,AZ,Mountain,FedEx,Priority Overnight,Frozen,2026-02-04 13:30,2026-02-04 14:36,-23.2,-17.7,0,N,
MH-20260204-1197,2026-02-04 1:00,"Memphis, TN",Minneapolis,MN,Midwest,UPS,Next Day Air,CRT,2026-02-04 21:00,2026-02-04 23:18,13.2,35.8,376,N,
MH-20260204-1140,2026-02-04 3:45,"Memphis, TN",Miami,FL,South,FedEx,Priority Overnight,2-8C,2026-02-04 21:45,2026-02-05 7:45,3.4,6.7,0,N,
MH-20260204-1165,2026-02-04 4:15,"Allentown, PA",Boston,MA,East,UPS,Next Day Air,Frozen,2026-02-05 0:15,2026-02-05 1:03,-23.5,-17.3,0,N,
MH-20260204-1048,2026-02-04 15:45,"Memphis, TN",Dallas,TX,South,FedEx,Standard Overnight,2-8C,2026-02-05 17:45,2026-02-06 14:21,0.4,7,91,N,
MH-20260205-1033,2026-02-05 3:30,"Allentown, PA",Philadelphia,PA,East,FedEx,Priority Overnight,CRT,2026-02-05 21:30,2026-02-05 23:36,19.7,24.8,0,N,
MH-20260205-1015,2026-02-05 20:00,"Allentown, PA",Philadelphia,PA,East,FedEx,Priority Overnight,2-8C,2026-02-06 14:00,2026-02-07 7:24,2.9,6.9,0,Y,missing_doc
MH-20260206-1009,2026-02-06 10:45,"Allentown, PA",Atlanta,GA,South,FedEx,2Day,CRT,2026-02-08 6:45,2026-02-08 8:39,18.1,25.6,0,N,
MH-20260206-1043,2026-02-06 15:15,"Memphis, TN",Chicago,IL,Midwest,FedEx,Priority Overnight,2-8C,2026-02-07 9:15,2026-02-07 7:21,3,9.7,130,N,
MH-20260206-1075,2026-02-06 21:15,"Memphis, TN",Seattle,WA,West,OnTrac,Sunrise,CRT,2026-02-07 19:15,2026-02-08 7:15,10.4,25.3,219,N,
MH-20260207-1005,2026-02-07 0:00,"Allentown, PA",Dallas,TX,South,FedEx,Priority Overnight,2-8C,2026-02-07 18:00,2026-02-07 17:24,2.9,6.3,0,N,
MH-20260207-1199,2026-02-07 7:15,"Memphis, TN",Salt Lake City,UT,Mountain,FedEx,Priority Overnight,2-8C,2026-02-08 1:15,2026-02-08 0:21,3.5,6.4,0,N,
MH-20260207-1133,2026-02-07 11:00,"Memphis, TN",Philadelphia,PA,East,FedEx,Priority Overnight,2-8C,2026-02-08 5:00,2026-02-08 5:42,3.6,6.7,0,N,
MH-20260207-1030,2026-02-07 19:45,"Reno, NV",Salt Lake City,UT,Mountain,UPS,Next Day Air Saver,2-8C,2026-02-08 23:45,2026-02-09 2:39,3.5,6.5,0,N,
MH-20260207-1104,2026-02-07 21:30,"Reno, NV",Portland,OR,West,FedEx,Priority Overnight,CRT,2026-02-08 15:30,2026-02-08 17:42,18.8,25.3,0,N,
MH-20260207-1230,2026-02-07 21:30,"Memphis, TN",Miami,FL,South,FedEx,Priority Overnight,2-8C,2026-02-08 15:30,2026-02-08 21:48,3,6.6,0,N,
MH-20260208-1212,2026-02-08 15:30,"Memphis, TN",Charlotte,NC,South,FedEx,Priority Overnight,CRT,2026-02-09 9:30,2026-02-09 9:24,11.8,25.5,127,N,
MH-20260209-1209,2026-02-09 14:00,"Reno, NV",Sacramento,CA,West,OnTrac,Sunrise,2-8C,2026-02-10 12:00,2026-02-11 8:36,2.6,12.2,213,N,
MH-20260210-1132,2026-02-10 0:30,"Memphis, TN",Charlotte,NC,South,FedEx,Priority Overnight,2-8C,2026-02-10 18:30,2026-02-10 20:42,2.6,7,0,N,
MH-20260210-1063,2026-02-10 8:00,"Reno, NV",Phoenix,AZ,Mountain,FedEx,Priority Overnight,2-8C,2026-02-11 2:00,2026-02-11 0:36,3.2,6.2,0,N,
MH-20260210-1193,2026-02-10 13:00,"Allentown, PA",Miami,FL,South,FedEx,Standard Overnight,CRT,2026-02-11 15:00,2026-02-11 16:06,18.3,25.4,0,N,
MH-20260210-1072,2026-02-10 17:15,"Memphis, TN",Chicago,IL,Midwest,UPS,Next Day Air Saver,2-8C,2026-02-11 21:15,2026-02-11 22:09,3.7,6.2,0,N,
MH-20260211-1044,2026-02-11 10:30,"Allentown, PA",Miami,FL,South,FedEx,Priority Overnight,CRT,2026-02-12 4:30,2026-02-12 19:06,17.7,26.6,0,N,
MH-20260211-1057,2026-02-11 17:30,"Allentown, PA",New York,NY,East,UPS,Next Day Air,Frozen,2026-02-12 13:30,2026-02-12 14:12,-23.3,-17.3,0,N,
MH-20260211-1058,2026-02-11 17:30,"Memphis, TN",Dallas,TX,South,FedEx,Priority Overnight,2-8C,2026-02-12 11:30,2026-02-12 13:48,3,6.6,0,N,
MH-20260212-1035,2026-02-12 5:15,"Memphis, TN",Cleveland,OH,Midwest,UPS,Next Day Air Saver,CRT,2026-02-13 9:15,2026-02-13 10:27,18.7,26.2,0,N,
MH-20260212-1130,2026-02-12 15:30,"Reno, NV",Los Angeles,CA,West,OnTrac,Sunrise,2-8C,2026-02-13 13:30,2026-02-13 18:06,3.7,6.4,0,N,
MH-20260213-1185,2026-02-13 4:30,"Allentown, PA",Cleveland,OH,Midwest,FedEx,Priority Overnight,Frozen,2026-02-13 22:30,2026-02-14 1:42,-21.7,-17.5,0,N,
MH-20260213-1098,2026-02-13 6:15,"Memphis, TN",Denver,CO,Mountain,FedEx,Priority Overnight,2-8C,2026-02-14 0:15,2026-02-14 0:57,3.3,6.2,0,N,
MH-20260213-1245,2026-02-13 21:00,"Reno, NV",Los Angeles,CA,West,FedEx,Standard Overnight,CRT,2026-02-14 23:00,2026-02-15 1:30,19.8,25.1,0,N,
MH-20260214-1241,2026-02-14 11:30,"Memphis, TN",Houston,TX,South,FedEx,Standard Overnight,CRT,2026-02-15 13:30,2026-02-15 13:54,19.2,26.2,0,N,
MH-20260214-1018,2026-02-14 12:15,"Reno, NV",Salt Lake City,UT,Mountain,FedEx,Priority Overnight,2-8C,2026-02-15 6:15,2026-02-15 6:21,3.6,6.4,0,N,
MH-20260214-1224,2026-02-14 17:45,"Memphis, TN",Denver,CO,Mountain,FedEx,Priority Overnight,Frozen,2026-02-15 11:45,2026-02-15 14:09,-22.7,-17.2,0,N,
MH-20260215-1178,2026-02-15 10:00,"Memphis, TN",Dallas,TX,South,FedEx,Priority Overnight,2-8C,2026-02-16 4:00,2026-02-16 3:00,3.5,6.4,0,N,
MH-20260215-1183,2026-02-15 10:00,"Memphis, TN",San Francisco,CA,West,FedEx,Priority Overnight,2-8C,2026-02-16 4:00,2026-02-16 5:18,0.7,11.3,205,Y,damaged_packaging
MH-20260215-1228,2026-02-15 12:15,"Memphis, TN",Detroit,MI,Midwest,FedEx,Standard Overnight,2-8C,2026-02-16 14:15,2026-02-16 16:45,3.3,6.8,0,N,
MH-20260215-1004,2026-02-15 13:15,"Memphis, TN",Cleveland,OH,Midwest,FedEx,Priority Overnight,2-8C,2026-02-16 7:15,2026-02-16 9:45,3.4,6.6,0,N,
MH-20260215-1208,2026-02-15 14:15,"Reno, NV",Seattle,WA,West,OnTrac,Sunrise,Frozen,2026-02-16 12:15,2026-02-17 9:57,-22.7,-16.5,0,Y,missing_doc
MH-20260215-1192,2026-02-15 15:30,"Memphis, TN",Phoenix,AZ,Mountain,FedEx,Standard Overnight,CRT,2026-02-16 17:30,2026-02-16 18:18,18.8,25.2,0,N,
MH-20260216-1095,2026-02-16 11:45,"Reno, NV",Sacramento,CA,West,OnTrac,Sunrise,Frozen,2026-02-17 9:45,2026-02-18 1:27,-22.7,-7.7,893,Y,temp_concern
MH-20260216-1091,2026-02-16 12:15,"Reno, NV",San Diego,CA,West,OnTrac,Sunrise,Frozen,2026-02-17 10:15,2026-02-17 14:57,-23,-8.6,680,N,
MH-20260217-1166,2026-02-17 2:45,"Allentown, PA",Cleveland,OH,Midwest,FedEx,2Day,CRT,2026-02-18 22:45,2026-02-18 21:27,17.7,26.1,0,N,
MH-20260217-1134,2026-02-17 10:15,"Memphis, TN",Atlanta,GA,South,FedEx,Standard Overnight,CRT,2026-02-18 12:15,2026-02-18 12:33,18.4,36.6,292,N,
MH-20260218-1187,2026-02-18 4:30,"Reno, NV",Los Angeles,CA,West,FedEx,2Day,2-8C,2026-02-20 0:30,2026-02-20 1:00,2.9,7.2,0,N,
MH-20260218-1143,2026-02-18 20:30,"Allentown, PA",Baltimore,MD,East,UPS,Next Day Air,2-8C,2026-02-19 16:30,2026-02-19 19:06,3.7,6.8,0,N,
MH-20260218-1194,2026-02-18 23:15,"Memphis, TN",Boston,MA,East,FedEx,Priority Overnight,CRT,2026-02-19 17:15,2026-02-20 2:51,19.6,25.2,0,N,
MH-20260219-1179,2026-02-19 7:00,"Reno, NV",San Diego,CA,West,OnTrac,Sunrise,2-8C,2026-02-20 5:00,2026-02-20 10:36,2.8,6.6,0,N,
MH-20260219-1012,2026-02-19 22:00,"Memphis, TN",San Francisco,CA,West,OnTrac,Sunrise,Frozen,2026-02-20 20:00,2026-02-21 21:30,-22.6,-8.4,397,Y,late_delivery
MH-20260219-1141,2026-02-19 23:30,"Allentown, PA",Boston,MA,East,UPS,Next Day Air,Frozen,2026-02-20 19:30,2026-02-20 21:00,-23.7,-12.2,205,N,
MH-20260220-1083,2026-02-20 0:00,"Memphis, TN",Washington,DC,East,FedEx,Standard Overnight,CRT,2026-02-21 2:00,2026-02-21 1:48,17.5,25.8,0,N,
MH-20260220-1122,2026-02-20 12:30,"Allentown, PA",New York,NY,East,UPS,2nd Day Air,2-8C,2026-02-22 10:30,2026-02-22 10:42,3.2,6.6,0,N,
MH-20260220-1156,2026-02-20 17:45,"Allentown, PA",New York,NY,East,FedEx,Priority Overnight,2-8C,2026-02-21 11:45,2026-02-21 13:51,3.1,6.6,0,N,
MH-20260221-1049,2026-02-21 10:30,"Allentown, PA",Philadelphia,PA,East,FedEx,Standard Overnight,2-8C,2026-02-22 12:30,2026-02-22 14:42,3.1,6.8,0,N,
MH-20260221-1031,2026-02-21 22:00,"Reno, NV",Salt Lake City,UT,Mountain,UPS,Next Day Air,Frozen,2026-02-22 18:00,2026-02-22 18:24,-21.7,-16.8,0,N,
MH-20260222-1127,2026-02-22 14:00,"Reno, NV",Los Angeles,CA,West,FedEx,Priority Overnight,CRT,2026-02-23 8:00,2026-02-23 8:24,19.4,25.2,0,N,
MH-20260222-1119,2026-02-22 16:15,"Memphis, TN",Detroit,MI,Midwest,UPS,Next Day Air,2-8C,2026-02-23 12:15,2026-02-23 14:03,3.8,11.1,271,N,
MH-20260222-1041,2026-02-22 23:15,"Memphis, TN",Miami,FL,South,FedEx,Priority Overnight,2-8C,2026-02-23 17:15,2026-02-24 2:27,3.5,6.4,0,N,
MH-20260223-1155,2026-02-23 5:15,"Allentown, PA",Baltimore,MD,East,UPS,2nd Day Air,2-8C,2026-02-25 3:15,2026-02-26 8:21,2.6,6.8,0,N,
MH-20260223-1068,2026-02-23 13:00,"Reno, NV",San Diego,CA,West,OnTrac,Sunrise,2-8C,2026-02-24 11:00,2026-02-24 14:24,2.3,6.4,0,N,
MH-20260223-1126,2026-02-23 14:30,"Memphis, TN",Portland,OR,West,OnTrac,Gold,CRT,2026-02-24 20:30,2026-02-24 23:42,18.8,26.1,0,Y,damaged_packaging
MH-20260224-1248,2026-02-24 3:15,"Memphis, TN",Chicago,IL,Midwest,FedEx,Priority Overnight,2-8C,2026-02-24 21:15,2026-02-25 0:03,3.6,6.1,0,N,
MH-20260224-1092,2026-02-24 10:15,"Allentown, PA",Cleveland,OH,Midwest,UPS,Next Day Air Saver,CRT,2026-02-25 14:15,2026-02-25 14:45,18,23.9,0,Y,damaged_packaging
MH-20260224-1100,2026-02-24 10:15,"Memphis, TN",Houston,TX,South,UPS,2nd Day Air,CRT,2026-02-26 8:15,2026-02-26 6:39,17.9,24.9,0,N,
MH-20260224-1125,2026-02-24 18:15,"Memphis, TN",Houston,TX,South,UPS,2nd Day Air,CRT,2026-02-26 16:15,2026-02-26 16:21,18,26,0,N,
MH-20260225-1094,2026-02-25 3:00,"Memphis, TN",Baltimore,MD,East,FedEx,Priority Overnight,2-8C,2026-02-25 21:00,2026-02-25 21:24,3.5,6.6,0,N,
MH-20260225-1181,2026-02-25 4:15,"Reno, NV",Seattle,WA,West,OnTrac,Sunrise,2-8C,2026-02-26 2:15,2026-02-27 0:33,-0.2,7.3,238,Y,temp_concern
MH-20260225-1162,2026-02-25 13:45,"Reno, NV",San Diego,CA,West,OnTrac,Sunrise,Frozen,2026-02-26 11:45,2026-02-26 12:33,-22.3,-8,940,N,
MH-20260225-1034,2026-02-25 21:30,"Memphis, TN",Atlanta,GA,South,FedEx,Priority Overnight,Frozen,2026-02-26 15:30,2026-02-26 16:06,-22.8,-16.9,0,N,
MH-20260226-1128,2026-02-26 2:45,"Allentown, PA",New York,NY,East,FedEx,Priority Overnight,CRT,2026-02-26 20:45,2026-02-26 21:15,18.9,25.8,0,N,
MH-20260226-1013,2026-02-26 8:45,"Reno, NV",Los Angeles,CA,West,OnTrac,Sunrise,2-8C,2026-02-27 6:45,2026-02-28 4:33,2.9,7,0,N,
MH-20260226-1079,2026-02-26 15:00,"Memphis, TN",Atlanta,GA,South,UPS,Next Day Air,Frozen,2026-02-27 11:00,2026-02-27 11:06,-21.8,-17.2,0,N,
MH-20260226-1112,2026-02-26 19:00,"Memphis, TN",New York,NY,East,FedEx,Priority Overnight,CRT,2026-02-27 13:00,2026-02-27 12:00,16.9,23.6,0,N,
MH-20260226-1189,2026-02-26 23:00,"Reno, NV",Seattle,WA,West,FedEx,2Day,2-8C,2026-02-28 19:00,2026-02-28 17:36,3.4,6.6,0,N,
MH-20260227-1121,2026-02-27 10:45,"Memphis, TN",Miami,FL,South,FedEx,2Day,2-8C,2026-03-01 6:45,2026-03-01 7:27,3.1,7.4,0,N,
MH-20260228-1081,2026-02-28 3:15,"Reno, NV",San Francisco,CA,West,OnTrac,Sunrise,Frozen,2026-03-01 1:15,2026-03-01 5:27,-23.4,-7.2,438,N,
MH-20260228-1129,2026-02-28 10:00,"Allentown, PA",Boston,MA,East,FedEx,Priority Overnight,2-8C,2026-03-01 4:00,2026-03-01 1:36,3.4,6.5,0,N,
MH-20260228-1064,2026-02-28 10:15,"Memphis, TN",Houston,TX,South,FedEx,Priority Overnight,Frozen,2026-03-01 4:15,2026-03-01 6:33,-22.8,-17.2,0,N,
MH-20260301-1123,2026-03-01 3:45,"Memphis, TN",Baltimore,MD,East,UPS,Next Day Air,2-8C,2026-03-01 23:45,2026-03-01 20:57,3.4,6.3,0,N,
MH-20260301-1148,2026-03-01 8:15,"Memphis, TN",Dallas,TX,South,UPS,Next Day Air,2-8C,2026-03-02 4:15,2026-03-02 3:33,0.4,9.6,168,N,
MH-20260301-1135,2026-03-01 19:00,"Memphis, TN",Houston,TX,South,FedEx,Priority Overnight,2-8C,2026-03-02 13:00,2026-03-03 10:54,2.9,7.2,0,Y,damaged_packaging
MH-20260302-1036,2026-03-02 1:30,"Reno, NV",Portland,OR,West,UPS,Next Day Air Saver,CRT,2026-03-03 5:30,2026-03-03 4:18,18.5,24.1,0,N,
MH-20260302-1037,2026-03-02 4:00,"Memphis, TN",Houston,TX,South,UPS,Next Day Air,CRT,2026-03-03 0:00,2026-03-03 1:12,18.6,27.5,0,N,
MH-20260302-1243,2026-03-02 10:45,"Allentown, PA",Houston,TX,South,UPS,Next Day Air,Frozen,2026-03-03 6:45,2026-03-03 5:09,-21.8,-17.8,0,N,
MH-20260302-1211,2026-03-02 12:30,"Reno, NV",Sacramento,CA,West,OnTrac,Sunrise,Frozen,2026-03-03 10:30,2026-03-05 18:54,-23,-8.7,1005,Y,late_delivery
MH-20260302-1019,2026-03-02 13:15,"Memphis, TN",Phoenix,AZ,Mountain,FedEx,Standard Overnight,CRT,2026-03-03 15:15,2026-03-03 16:33,19.7,24.6,0,N,
MH-20260302-1014,2026-03-02 13:45,"Memphis, TN",Miami,FL,South,UPS,Next Day Air Saver,CRT,2026-03-03 17:45,2026-03-04 21:15,18,26.3,0,N,
MH-20260302-1163,2026-03-02 17:30,"Allentown, PA",New York,NY,East,FedEx,2Day,2-8C,2026-03-04 13:30,2026-03-04 15:12,3.1,6.7,0,N,
MH-20260303-1050,2026-03-03 0:30,"Allentown, PA",New York,NY,East,UPS,Next Day Air,2-8C,2026-03-03 20:30,2026-03-05 1:36,2.8,6.7,0,N,
MH-20260303-1203,2026-03-03 3:45,"Memphis, TN",Miami,FL,South,FedEx,Priority Overnight,CRT,2026-03-03 21:45,2026-03-04 4:21,17.9,25.5,0,N,
MH-20260303-1223,2026-03-03 9:00,"Reno, NV",Los Angeles,CA,West,FedEx,Standard Overnight,CRT,2026-03-04 11:00,2026-03-04 10:12,19.1,25.5,0,N,
MH-20260303-1053,2026-03-03 20:30,"Memphis, TN",Dallas,TX,South,FedEx,Priority Overnight,CRT,2026-03-04 14:30,2026-03-04 16:36,18.9,25.5,0,N,
MH-20260304-1188,2026-03-04 10:30,"Memphis, TN",New York,NY,East,FedEx,Priority Overnight,CRT,2026-03-05 4:30,2026-03-05 6:06,18.7,25.6,0,N,
MH-20260304-1207,2026-03-04 16:00,"Reno, NV",Los Angeles,CA,West,FedEx,Priority Overnight,2-8C,2026-03-05 10:00,2026-03-05 8:30,4.1,6.4,0,N,
MH-20260304-1056,2026-03-04 22:30,"Allentown, PA",New York,NY,East,FedEx,Priority Overnight,Frozen,2026-03-05 16:30,2026-03-05 15:30,-22.7,-17.7,0,N,
MH-20260305-1109,2026-03-05 6:45,"Memphis, TN",Cleveland,OH,Midwest,UPS,Next Day Air,Frozen,2026-03-06 2:45,2026-03-06 2:03,-21.9,-18.1,0,N,
MH-20260305-1029,2026-03-05 8:00,"Reno, NV",San Diego,CA,West,OnTrac,Sunrise,Frozen,2026-03-06 6:00,2026-03-06 7:42,-23.2,-7.3,549,N,
MH-20260305-1137,2026-03-05 14:00,"Memphis, TN",New York,NY,East,UPS,Next Day Air,Frozen,2026-03-06 10:00,2026-03-06 11:12,-23,-17.1,0,N,
MH-20260305-1186,2026-03-05 18:30,"Memphis, TN",New York,NY,East,UPS,Next Day Air,CRT,2026-03-06 14:30,2026-03-06 12:12,19,24.9,0,N,
MH-20260305-1216,2026-03-05 18:45,"Memphis, TN",Seattle,WA,West,OnTrac,Sunrise,Frozen,2026-03-06 16:45,2026-03-06 16:51,-22.2,-9.3,441,N,
MH-20260306-1108,2026-03-06 22:15,"Allentown, PA",Washington,DC,East,FedEx,Priority Overnight,2-8C,2026-03-07 16:15,2026-03-07 17:51,3,6.8,0,N,
MH-20260307-1066,2026-03-07 6:30,"Memphis, TN",Philadelphia,PA,East,FedEx,Priority Overnight,2-8C,2026-03-08 0:30,2026-03-08 1:48,0.5,12,386,N,
MH-20260307-1003,2026-03-07 21:45,"Allentown, PA",Philadelphia,PA,East,UPS,2nd Day Air,CRT,2026-03-09 19:45,2026-03-09 20:57,18.5,27,0,N,
MH-20260308-1070,2026-03-08 14:15,"Reno, NV",Seattle,WA,West,OnTrac,Gold,2-8C,2026-03-09 20:15,2026-03-09 19:45,3.4,6.9,0,N,
MH-20260308-1233,2026-03-08 15:45,"Reno, NV",Sacramento,CA,West,FedEx,Priority Overnight,2-8C,2026-03-09 9:45,2026-03-09 11:15,3.3,6.7,0,N,
MH-20260308-1069,2026-03-08 23:15,"Memphis, TN",Atlanta,GA,South,FedEx,Priority Overnight,2-8C,2026-03-09 17:15,2026-03-09 19:27,3.9,7.5,0,N,
MH-20260309-1076,2026-03-09 13:15,"Allentown, PA",Boston,MA,East,UPS,Next Day Air,2-8C,2026-03-10 9:15,2026-03-10 22:33,3.1,6.7,0,Y,late_delivery
MH-20260310-1085,2026-03-10 3:45,"Reno, NV",Seattle,WA,West,OnTrac,Sunrise,Frozen,2026-03-11 1:45,2026-03-11 1:51,-23.2,-10.9,559,N,
MH-20260310-1252,2026-03-10 6:45,"Allentown, PA",New York,NY,East,FedEx,2Day,2-8C,2026-03-12 2:45,2026-03-12 2:21,3.3,8.7,177,N,
MH-20260310-1171,2026-03-10 7:15,"Memphis, TN",Miami,FL,South,FedEx,2Day,CRT,2026-03-12 3:15,2026-03-12 4:21,19.2,27.7,0,N,
MH-20260310-1093,2026-03-10 14:00,"Memphis, TN",Dallas,TX,South,FedEx,Priority Overnight,Frozen,2026-03-11 8:00,2026-03-12 4:06,-22.5,-12.1,44,Y,temp_concern
MH-20260311-1054,2026-03-11 8:00,"Allentown, PA",Baltimore,MD,East,FedEx,Priority Overnight,CRT,2026-03-12 2:00,2026-03-12 2:48,19.4,24.5,0,N,
MH-20260311-1170,2026-03-11 9:15,"Reno, NV",Denver,CO,Mountain,UPS,2nd Day Air,CRT,2026-03-13 7:15,2026-03-13 9:15,18.7,24.8,0,N,
MH-20260312-1010,2026-03-12 2:00,"Memphis, TN",Houston,TX,South,UPS,Next Day Air,2-8C,2026-03-12 22:00,2026-03-12 22:54,3.7,6.9,0,N,
MH-20260312-1025,2026-03-12 3:30,"Memphis, TN",Boston,MA,East,UPS,Next Day Air,2-8C,2026-03-12 23:30,2026-03-12 23:48,3.2,6.5,0,N,
MH-20260313-1180,2026-03-13 6:15,"Allentown, PA",Miami,FL,South,FedEx,Priority Overnight,Frozen,2026-03-14 0:15,2026-03-13 23:57,-23.3,-17.3,0,N,
MH-20260313-1172,2026-03-13 20:30,"Allentown, PA",New York,NY,East,FedEx,Priority Overnight,Frozen,2026-03-14 14:30,2026-03-14 14:30,-22,-9,72,N,
MH-20260314-1120,2026-03-14 3:15,"Allentown, PA",Chicago,IL,Midwest,UPS,Next Day Air Saver,CRT,2026-03-15 7:15,2026-03-15 7:57,18.9,25,0,N,
MH-20260314-1195,2026-03-14 6:15,"Allentown, PA",Washington,DC,East,UPS,Next Day Air,2-8C,2026-03-15 2:15,2026-03-15 20:09,2.5,6.4,0,N,
MH-20260314-1045,2026-03-14 7:00,"Allentown, PA",Boston,MA,East,FedEx,Priority Overnight,2-8C,2026-03-15 1:00,2026-03-15 2:00,3,7.3,0,N,
MH-20260314-1115,2026-03-14 11:15,"Memphis, TN",Houston,TX,South,FedEx,Priority Overnight,2-8C,2026-03-15 5:15,2026-03-15 5:09,3.6,7,0,N,
MH-20260314-1020,2026-03-14 18:15,"Memphis, TN",Los Angeles,CA,West,OnTrac,Sunrise,2-8C,2026-03-15 16:15,2026-03-16 8:03,1.4,12.8,167,Y,temp_concern
MH-20260314-1059,2026-03-14 20:45,"Allentown, PA",Baltimore,MD,East,FedEx,2Day,CRT,2026-03-16 16:45,2026-03-17 3:03,17.4,25.4,0,N,
MH-20260315-1191,2026-03-15 1:15,"Reno, NV",Seattle,WA,West,OnTrac,Gold,CRT,2026-03-16 7:15,2026-03-16 9:39,18.8,25.5,0,N,
MH-20260315-1227,2026-03-15 18:00,"Reno, NV",San Francisco,CA,West,FedEx,Standard Overnight,CRT,2026-03-16 20:00,2026-03-16 19:24,18.9,25.7,0,N,
MH-20260315-1221,2026-03-15 19:30,"Reno, NV",Salt Lake City,UT,Mountain,UPS,Next Day Air Saver,CRT,2026-03-16 23:30,2026-03-17 0:30,17.2,25.8,0,N,
MH-20260316-1247,2026-03-16 1:00,"Allentown, PA",Boston,MA,East,FedEx,Priority Overnight,2-8C,2026-03-16 19:00,2026-03-16 21:36,3.3,7,0,N,
MH-20260316-1099,2026-03-16 3:30,"Allentown, PA",New York,NY,East,FedEx,Priority Overnight,2-8C,2026-03-16 21:30,2026-03-16 20:30,3.6,6.3,0,N,
MH-20260316-1142,2026-03-16 13:00,"Allentown, PA",New York,NY,East,FedEx,Standard Overnight,2-8C,2026-03-17 15:00,2026-03-17 12:00,3.6,7.2,0,N,
MH-20260316-1086,2026-03-16 18:45,"Reno, NV",San Francisco,CA,West,FedEx,Standard Overnight,CRT,2026-03-17 20:45,2026-03-17 22:51,18.6,24.4,0,N,
MH-20260316-1026,2026-03-16 20:30,"Memphis, TN",Cleveland,OH,Midwest,UPS,Next Day Air,2-8C,2026-03-17 16:30,2026-03-17 16:42,3.4,6.8,0,N,
MH-20260317-1242,2026-03-17 8:30,"Reno, NV",Denver,CO,Mountain,UPS,2nd Day Air,2-8C,2026-03-19 6:30,2026-03-19 8:54,2.9,6.7,0,N,
MH-20260317-1235,2026-03-17 17:00,"Reno, NV",Seattle,WA,West,OnTrac,Sunrise,2-8C,2026-03-18 15:00,2026-03-20 2:06,3.4,7,0,N,
MH-20260318-1232,2026-03-18 1:15,"Allentown, PA",Chicago,IL,Midwest,FedEx,Priority Overnight,CRT,2026-03-18 19:15,2026-03-18 19:57,19.7,24.6,0,N,
MH-20260318-1073,2026-03-18 10:45,"Allentown, PA",Cleveland,OH,Midwest,UPS,Next Day Air,CRT,2026-03-19 6:45,2026-03-19 9:03,16.9,26.7,0,N,
MH-20260318-1144,2026-03-18 14:00,"Allentown, PA",New York,NY,East,FedEx,Priority Overnight,2-8C,2026-03-19 8:00,2026-03-20 7:54,3.2,6.6,0,N,
MH-20260319-1226,2026-03-19 1:15,"Reno, NV",Seattle,WA,West,UPS,Next Day Air,2-8C,2026-03-19 21:15,2026-03-19 20:09,3.3,11,158,N,
MH-20260320-1168,2026-03-20 3:15,"Memphis, TN",New York,NY,East,FedEx,2Day,CRT,2026-03-21 23:15,2026-03-21 22:27,11.6,25.8,153,N,
MH-20260320-1117,2026-03-20 6:30,"Reno, NV",Sacramento,CA,West,FedEx,Priority Overnight,2-8C,2026-03-21 0:30,2026-03-21 1:54,3,6.8,0,N,
MH-20260320-1077,2026-03-20 11:15,"Reno, NV",Salt Lake City,UT,Mountain,UPS,Next Day Air,2-8C,2026-03-21 7:15,2026-03-21 8:15,2.2,6.4,0,N,
MH-20260320-1021,2026-03-20 16:45,"Memphis, TN",Chicago,IL,Midwest,FedEx,Priority Overnight,CRT,2026-03-21 10:45,2026-03-21 12:09,19.7,26.3,0,N,
MH-20260320-1007,2026-03-20 20:30,"Memphis, TN",Miami,FL,South,FedEx,Priority Overnight,2-8C,2026-03-21 14:30,2026-03-22 1:06,-0.7,11.5,315,N,
MH-20260321-1038,2026-03-21 0:15,"Reno, NV",Sacramento,CA,West,FedEx,Priority Overnight,2-8C,2026-03-21 18:15,2026-03-21 16:33,2.6,6.8,0,N,
MH-20260321-1024,2026-03-21 13:00,"Reno, NV",Los Angeles,CA,West,UPS,Next Day Air Saver,CRT,2026-03-22 17:00,2026-03-23 4:24,19.1,24.4,0,N,
MH-20260322-1240,2026-03-22 0:30,"Memphis, TN",Boston,MA,East,UPS,Next Day Air,2-8C,2026-03-22 20:30,2026-03-22 21:24,2.7,7.1,0,N,
MH-20260322-1062,2026-03-22 1:15,"Memphis, TN",Atlanta,GA,South,FedEx,Standard Overnight,CRT,2026-03-23 3:15,2026-03-23 1:15,19.4,25.3,0,Y,damaged_packaging
MH-20260323-1087,2026-03-23 8:30,"Memphis, TN",Houston,TX,South,FedEx,2Day,CRT,2026-03-25 4:30,2026-03-26 10:42,18,25.8,0,Y,missing_doc
MH-20260323-1149,2026-03-23 14:45,"Allentown, PA",Dallas,TX,South,UPS,Next Day Air,2-8C,2026-03-24 10:45,2026-03-24 12:39,1.3,10.1,134,N,
MH-20260323-1131,2026-03-23 17:30,"Reno, NV",Los Angeles,CA,West,FedEx,Priority Overnight,2-8C,2026-03-24 11:30,2026-03-24 9:36,3.8,7.1,0,N,
MH-20260323-1089,2026-03-23 18:15,"Reno, NV",Portland,OR,West,FedEx,Priority Overnight,CRT,2026-03-24 12:15,2026-03-25 16:51,18.3,26.2,0,Y,late_delivery
MH-20260323-1052,2026-03-23 20:00,"Allentown, PA",Houston,TX,South,FedEx,Priority Overnight,Frozen,2026-03-24 14:00,2026-03-24 17:06,-22.5,-16.4,0,N,
MH-20260323-1167,2026-03-23 21:45,"Reno, NV",Seattle,WA,West,FedEx,2Day,CRT,2026-03-25 17:45,2026-03-25 16:09,18.3,25.1,0,N,
MH-20260324-1096,2026-03-24 2:30,"Reno, NV",San Diego,CA,West,OnTrac,Sunrise,2-8C,2026-03-25 0:30,2026-03-25 20:12,3.2,7.3,0,N,
MH-20260324-1200,2026-03-24 9:00,"Allentown, PA",Boston,MA,East,UPS,Next Day Air,2-8C,2026-03-25 5:00,2026-03-25 6:24,3.2,7,0,N,
MH-20260325-1158,2026-03-25 9:00,"Memphis, TN",Chicago,IL,Midwest,FedEx,Priority Overnight,Frozen,2026-03-26 3:00,2026-03-26 5:30,-22.3,-17,0,N,
MH-20260325-1157,2026-03-25 20:30,"Memphis, TN",Miami,FL,South,FedEx,2Day,CRT,2026-03-27 16:30,2026-03-27 17:18,18.6,25.2,0,N,
MH-20260325-1067,2026-03-25 20:45,"Reno, NV",Seattle,WA,West,OnTrac,Sunrise,Frozen,2026-03-26 18:45,2026-03-27 5:09,-22.7,-7.3,730,N,
MH-20260326-1229,2026-03-26 9:00,"Allentown, PA",Boston,MA,East,FedEx,Priority Overnight,Frozen,2026-03-27 3:00,2026-03-27 4:48,-21.8,-17.4,0,N,
MH-20260326-1001,2026-03-26 13:15,"Reno, NV",Los Angeles,CA,West,UPS,2nd Day Air,2-8C,2026-03-28 11:15,2026-03-29 1:57,2.9,6.9,0,N,
MH-20260326-1116,2026-03-26 16:45,"Allentown, PA",Miami,FL,South,FedEx,Priority Overnight,2-8C,2026-03-27 10:45,2026-03-27 10:51,-0.5,6.9,133,N,
MH-20260327-1027,2026-03-27 8:30,"Memphis, TN",Miami,FL,South,FedEx,Priority Overnight,2-8C,2026-03-28 2:30,2026-03-28 13:00,3,12.5,164,N,
MH-20260327-1202,2026-03-27 10:00,"Allentown, PA",New York,NY,East,FedEx,Standard Overnight,2-8C,2026-03-28 12:00,2026-03-28 10:48,3.6,7.2,0,N,
MH-20260327-1136,2026-03-27 12:45,"Reno, NV",Seattle,WA,West,OnTrac,Gold,CRT,2026-03-28 18:45,2026-03-28 18:39,18.9,24.9,0,N,
MH-20260328-1032,2026-03-28 5:30,"Memphis, TN",Seattle,WA,West,OnTrac,Sunrise,2-8C,2026-03-29 3:30,2026-03-29 2:42,3.3,6.6,0,N,
MH-20260328-1152,2026-03-28 9:30,"Allentown, PA",Chicago,IL,Midwest,FedEx,2Day,2-8C,2026-03-30 5:30,2026-03-30 6:24,3.1,7.2,0,N,
MH-20260330-1106,2026-03-30 4:30,"Memphis, TN",Salt Lake City,UT,Mountain,UPS,Next Day Air,2-8C,2026-03-31 0:30,2026-03-31 12:00,2.9,7.2,0,N,
MH-20260330-1153,2026-03-30 6:45,"Reno, NV",Los Angeles,CA,West,OnTrac,Sunrise,2-8C,2026-03-31 4:45,2026-03-31 4:27,3.2,6.9,0,N,
MH-20260330-1222,2026-03-30 8:30,"Reno, NV",San Diego,CA,West,FedEx,Priority Overnight,CRT,2026-03-31 2:30,2026-03-31 2:30,18.1,25.2,0,N,
MH-20260330-1065,2026-03-30 11:15,"Memphis, TN",Charlotte,NC,South,UPS,Next Day Air,2-8C,2026-03-31 7:15,2026-03-31 7:03,0.6,9.6,197,N,
MH-20260330-1151,2026-03-30 12:15,"Reno, NV",Los Angeles,CA,West,OnTrac,Sunrise,2-8C,2026-03-31 10:15,2026-04-01 1:39,3.2,7.2,0,N,
MH-20260330-1184,2026-03-30 13:45,"Reno, NV",Los Angeles,CA,West,OnTrac,Sunrise,2-8C,2026-03-31 11:45,2026-04-02 14:27,3,7,0,N,
MH-20260331-1138,2026-03-31 15:45,"Memphis, TN",Atlanta,GA,South,FedEx,2Day,2-8C,2026-04-02 11:45,2026-04-02 12:51,2.9,11.1,144,N,
MH-20260331-1237,2026-03-31 17:00,"Memphis, TN",Sacramento,CA,West,FedEx,Standard Overnight,2-8C,2026-04-01 19:00,2026-04-01 22:24,3.1,6.5,0,N,
MH-20260401-1251,2026-04-01 4:45,"Memphis, TN",Seattle,WA,West,FedEx,Priority Overnight,2-8C,2026-04-01 22:45,2026-04-01 23:45,3.7,6.7,0,Y,missing_doc
MH-20260401-1249,2026-04-01 5:15,"Reno, NV",Seattle,WA,West,OnTrac,Sunrise,CRT,2026-04-02 3:15,2026-04-02 2:45,19.4,25.2,0,N,
MH-20260402-1088,2026-04-02 0:45,"Memphis, TN",New York,NY,East,UPS,Next Day Air,Frozen,2026-04-02 20:45,2026-04-02 22:33,-23.8,-17.4,0,N,
MH-20260402-1060,2026-04-02 1:45,"Memphis, TN",Miami,FL,South,UPS,Next Day Air Saver,2-8C,2026-04-03 5:45,2026-04-03 4:51,2.2,6.8,0,N,
MH-20260402-1022,2026-04-02 11:45,"Allentown, PA",Baltimore,MD,East,UPS,Next Day Air,2-8C,2026-04-03 7:45,2026-04-03 7:51,3.4,6.9,0,N,
MH-20260402-1147,2026-04-02 12:00,"Memphis, TN",Miami,FL,South,FedEx,Priority Overnight,CRT,2026-04-03 6:00,2026-04-03 17:06,18.5,26.2,0,N,
MH-20260402-1173,2026-04-02 12:30,"Allentown, PA",New York,NY,East,FedEx,Priority Overnight,2-8C,2026-04-03 6:30,2026-04-03 6:18,3.2,6.4,0,N,
MH-20260402-1215,2026-04-02 20:45,"Allentown, PA",Boston,MA,East,FedEx,2Day,2-8C,2026-04-04 16:45,2026-04-05 2:27,2.5,7.2,0,N,
MH-20260403-1008,2026-04-03 3:30,"Allentown, PA",Dallas,TX,South,UPS,Next Day Air,Frozen,2026-04-03 23:30,2026-04-04 1:30,-25,-8.9,166,N,
MH-20260403-1051,2026-04-03 17:15,"Memphis, TN",Denver,CO,Mountain,UPS,Next Day Air,CRT,2026-04-04 13:15,2026-04-04 21:51,19.2,26.3,0,N,
MH-20260405-1182,2026-04-05 6:15,"Memphis, TN",Detroit,MI,Midwest,FedEx,Priority Overnight,2-8C,2026-04-06 0:15,2026-04-06 15:33,3,11.9,276,Y,temp_concern
MH-20260405-1238,2026-04-05 16:45,"Memphis, TN",Chicago,IL,Midwest,FedEx,Priority Overnight,2-8C,2026-04-06 10:45,2026-04-06 11:03,3.9,6.3,0,N,
MH-20260406-1139,2026-04-06 13:00,"Allentown, PA",Charlotte,NC,South,FedEx,Priority Overnight,2-8C,2026-04-07 7:00,2026-04-07 8:48,3.7,6.7,0,N,
MH-20260406-1090,2026-04-06 18:30,"Memphis, TN",Minneapolis,MN,Midwest,FedEx,2Day,2-8C,2026-04-08 14:30,2026-04-08 14:30,2.8,10.1,150,N,
MH-20260406-1023,2026-04-06 23:15,"Allentown, PA",Boston,MA,East,UPS,Next Day Air,2-8C,2026-04-07 19:15,2026-04-07 18:57,3.3,7.2,0,N,
MH-20260408-1234,2026-04-08 10:30,"Memphis, TN",Chicago,IL,Midwest,FedEx,Priority Overnight,2-8C,2026-04-09 4:30,2026-04-09 3:06,2.8,6.3,0,N,
MH-20260408-1213,2026-04-08 19:15,"Memphis, TN",Atlanta,GA,South,FedEx,Standard Overnight,CRT,2026-04-09 21:15,2026-04-09 21:15,17.4,26.3,0,N,
MH-20260409-1124,2026-04-09 12:00,"Memphis, TN",Seattle,WA,West,UPS,2nd Day Air,2-8C,2026-04-11 10:00,2026-04-11 10:48,2.4,7.2,0,N,
MH-20260409-1097,2026-04-09 18:30,"Reno, NV",Los Angeles,CA,West,OnTrac,Sunrise,2-8C,2026-04-10 16:30,2026-04-10 21:00,0.5,7.1,155,N,
MH-20260409-1055,2026-04-09 22:00,"Memphis, TN",Chicago,IL,Midwest,FedEx,Priority Overnight,2-8C,2026-04-10 16:00,2026-04-10 16:30,4,6.3,0,N,
MH-20260410-1239,2026-04-10 9:30,"Reno, NV",Los Angeles,CA,West,OnTrac,Sunrise,Frozen,2026-04-11 7:30,2026-04-11 13:18,-23.6,-9.2,809,N,
MH-20260410-1046,2026-04-10 12:00,"Allentown, PA",New York,NY,East,FedEx,Priority Overnight,Frozen,2026-04-11 6:00,2026-04-11 17:54,-22.3,-18,0,N,
MH-20260412-1236,2026-04-12 5:00,"Allentown, PA",Boston,MA,East,UPS,Next Day Air,2-8C,2026-04-13 1:00,2026-04-13 1:18,3,11.4,180,N,
MH-20260412-1218,2026-04-12 15:15,"Memphis, TN",Miami,FL,South,UPS,2nd Day Air,CRT,2026-04-14 13:15,2026-04-15 9:27,17.9,25.5,0,Y,late_delivery
MH-20260412-1217,2026-04-12 17:45,"Memphis, TN",New York,NY,East,FedEx,Priority Overnight,2-8C,2026-04-13 11:45,2026-04-13 12:09,3.3,6.6,0,N,
MH-20260413-1231,2026-04-13 11:30,"Memphis, TN",Los Angeles,CA,West,FedEx,2Day,CRT,2026-04-15 7:30,2026-04-15 7:00,17.2,25.5,0,N,
MH-20260413-1111,2026-04-13 18:30,"Memphis, TN",Charlotte,NC,South,FedEx,2Day,CRT,2026-04-15 14:30,2026-04-15 15:12,18.7,27.2,0,N,
MH-20260414-1176,2026-04-14 9:30,"Memphis, TN",Baltimore,MD,East,FedEx,Priority Overnight,2-8C,2026-04-15 3:30,2026-04-15 4:48,3.2,6.2,0,N,
MH-20260414-1150,2026-04-14 16:30,"Reno, NV",Phoenix,AZ,Mountain,FedEx,Priority Overnight,2-8C,2026-04-15 10:30,2026-04-15 12:30,3.4,6.8,0,N,
MH-20260414-1214,2026-04-14 23:00,"Memphis, TN",Chicago,IL,Midwest,FedEx,Standard Overnight,2-8C,2026-04-16 1:00,2026-04-15 22:54,3,6.6,0,N,
MH-20260415-1146,2026-04-15 5:00,"Memphis, TN",Miami,FL,South,FedEx,Priority Overnight,2-8C,2026-04-15 23:00,2026-04-16 11:00,3.8,11.6,161,N,
MH-20260415-1082,2026-04-15 5:45,"Memphis, TN",Atlanta,GA,South,UPS,2nd Day Air,CRT,2026-04-17 3:45,2026-04-17 21:39,18.6,26.3,0,N,
MH-20260415-1196,2026-04-15 8:30,"Memphis, TN",Houston,TX,South,FedEx,Priority Overnight,2-8C,2026-04-16 2:30,2026-04-16 2:24,3.1,6.7,0,N,
MH-20260415-1042,2026-04-15 13:30,"Reno, NV",San Diego,CA,West,OnTrac,Sunrise,2-8C,2026-04-16 11:30,2026-04-16 9:12,2.9,6.6,0,N,
MH-20260416-1159,2026-04-16 0:30,"Memphis, TN",Minneapolis,MN,Midwest,FedEx,Standard Overnight,CRT,2026-04-17 2:30,2026-04-17 2:30,18.9,25.5,0,N,
MH-20260416-1206,2026-04-16 15:45,"Memphis, TN",Seattle,WA,West,FedEx,2Day,2-8C,2026-04-18 11:45,2026-04-18 11:45,3,7,0,N,
MH-20260416-1198,2026-04-16 17:45,"Memphis, TN",Cleveland,OH,Midwest,FedEx,Priority Overnight,CRT,2026-04-17 11:45,2026-04-17 14:21,17.2,24.5,0,N,
MH-20260417-1047,2026-04-17 6:00,"Allentown, PA",New York,NY,East,UPS,Next Day Air,Frozen,2026-04-18 2:00,2026-04-18 2:54,-22.5,-17.2,0,N,
MH-20260418-1103,2026-04-18 0:15,"Memphis, TN",Chicago,IL,Midwest,FedEx,Priority Overnight,Frozen,2026-04-18 18:15,2026-04-19 3:27,-23.5,-17.7,0,N,
MH-20260418-1174,2026-04-18 5:00,"Memphis, TN",Sacramento,CA,West,UPS,Next Day Air,2-8C,2026-04-19 1:00,2026-04-19 3:06,3.5,6.9,0,N,
MH-20260418-1161,2026-04-18 20:15,"Memphis, TN",Charlotte,NC,South,UPS,Next Day Air,Frozen,2026-04-19 16:15,2026-04-19 18:27,-22.6,-17.7,0,N,
MH-20260418-1160,2026-04-18 20:30,"Memphis, TN",Miami,FL,South,FedEx,Priority Overnight,Frozen,2026-04-19 14:30,2026-04-19 23:00,-23.2,-16.4,0,N,
MH-20260419-1114,2026-04-19 18:15,"Memphis, TN",Boston,MA,East,FedEx,Priority Overnight,2-8C,2026-04-20 12:15,2026-04-20 16:09,0.5,12.6,378,N,
MH-20260420-1078,2026-04-20 7:45,"Memphis, TN",Houston,TX,South,UPS,Next Day Air,2-8C,2026-04-21 3:45,2026-04-21 6:21,3.3,6.6,0,N,
MH-20260420-1040,2026-04-20 15:45,"Memphis, TN",Cleveland,OH,Midwest,FedEx,Priority Overnight,2-8C,2026-04-21 9:45,2026-04-21 12:39,2.7,6.9,0,N,
MH-20260420-1006,2026-04-20 17:45,"Allentown, PA",Cleveland,OH,Midwest,FedEx,Priority Overnight,2-8C,2026-04-21 11:45,2026-04-21 11:33,3,6.3,0,N,
MH-20260421-1225,2026-04-21 5:30,"Reno, NV",San Francisco,CA,West,OnTrac,Sunrise,2-8C,2026-04-22 3:30,2026-04-23 4:36,3.4,10,170,N,
MH-20260422-1177,2026-04-22 11:30,"Memphis, TN",Houston,TX,South,UPS,Next Day Air,CRT,2026-04-23 7:30,2026-04-23 6:24,19.2,25.1,0,N,
MH-20260422-1074,2026-04-22 20:00,"Reno, NV",Denver,CO,Mountain,FedEx,Priority Overnight,2-8C,2026-04-23 14:00,2026-04-23 15:48,3.6,7,0,N,
MH-20260423-1002,2026-04-23 2:00,"Reno, NV",San Francisco,CA,West,FedEx,Priority Overnight,2-8C,2026-04-23 20:00,2026-04-23 18:36,3.6,6.7,0,N,
MH-20260424-1105,2026-04-24 1:45,"Memphis, TN",Charlotte,NC,South,FedEx,2Day,CRT,2026-04-25 21:45,2026-04-26 0:21,18.2,25.7,0,N,
MH-20260424-1210,2026-04-24 21:15,"Memphis, TN",San Diego,CA,West,OnTrac,Sunrise,2-8C,2026-04-25 19:15,2026-04-26 1:03,3.3,12.8,258,N,
MH-20260425-1154,2026-04-25 8:30,"Memphis, TN",Miami,FL,South,FedEx,Priority Overnight,Frozen,2026-04-26 2:30,2026-04-26 11:30,-23.4,-17.7,0,N,
MH-20260425-1102,2026-04-25 20:00,"Memphis, TN",Salt Lake City,UT,Mountain,FedEx,Priority Overnight,Frozen,2026-04-26 14:00,2026-04-26 11:48,-22.4,-18.1,0,N,
MH-20260425-1201,2026-04-25 23:00,"Memphis, TN",Boston,MA,East,FedEx,Priority Overnight,2-8C,2026-04-26 17:00,2026-04-27 21:48,3.6,6.9,0,N,
MH-20260426-1250,2026-04-26 6:30,"Allentown, PA",New York,NY,East,FedEx,Priority Overnight,2-8C,2026-04-27 0:30,2026-04-27 16:00,2.8,9.6,206,N,
MH-20260427-1204,2026-04-27 1:15,"Reno, NV",Los Angeles,CA,West,OnTrac,Sunrise,Frozen,2026-04-27 23:15,2026-04-27 23:39,-23,-17.5,0,N,
MH-20260427-1205,2026-04-27 2:15,"Reno, NV",Los Angeles,CA,West,FedEx,Priority Overnight,2-8C,2026-04-27 20:15,2026-04-27 22:45,3.1,11.7,76,Y,temp_concern
MH-20260427-1039,2026-04-27 10:45,"Allentown, PA",Charlotte,NC,South,FedEx,Priority Overnight,2-8C,2026-04-28 4:45,,3.7,6.2,0,N,
MH-20260427-1084,2026-04-27 13:30,"Memphis, TN",Miami,FL,South,FedEx,Priority Overnight,Frozen,2026-04-28 7:30,,-22.4,-18,0,N,